side,symbol,q,price
buy,USDT-USD,5999.871687201461,1.00002121925354,5999.999
buy,BTC-USD,0.02331524166548266,17155.6875,399.98900000000003
buy,BNB-USD,2.2879154105513178,297.2133483886719,679.999
buy,ETH-USD,0.21705168092259408,1290.0107421875,279.999
buy,XRP-USD,493.5920872877649,0.4051908552646637,199.999
buy,DOGE-USD,757.7396161841617,0.10557584464550018,79.999
buy,LINK-USD,36.68907494606142,7.631672382354736,279.999
buy,COMP5692-USD,5.209112799265319,38.39406204223633,199.99900000000002
buy,LPT-USD,26.447569550900884,7.562093734741211,199.999
buy,LDO-USD,140.29522170827764,1.1404451131820679,159.999
buy,SOL-USD,8.598242934733326,13.956223487854004,119.999
buy,RNDR-USD,656.0561729159629,0.48776158690452576,319.999
buy,SUSHI-USD,82.97560871682582,1.4461960792541504,119.999
buy,SNX-USD,115.24043321269485,1.7354933023452759,199.999
buy,AVAX-USD,21.296087218723773,13.147908210754395,279.999
buy,AAVE-USD,4.330052241154224,64.66411590576172,279.999
buy,INJ-USD,69.61883899497637,1.7236570119857788,119.999
sell,BTC-USD,0.0002922740439070966,17107.232421875,5.0
sell,BNB-USD,0.024259480575556904,296.4201965332031,7.191000000000002
sell,ETH-USD,0.003899420094541897,1282.241943359375,5.0
sell,LINK-USD,0.6640791937947264,7.52922248840332,5.0
sell,RNDR-USD,10.378929676836323,0.48174524307250977,5.0
sell,AVAX-USD,0.38222481953443177,13.081306457519531,5.0
sell,AAVE-USD,0.07771857281301482,64.33468627929688,5.0
buy,USDT-USD,37.18806016960669,1.0000252723693848,37.189
sell,BTC-USD,0.0004912267786615821,16979.9375,8.341
sell,BNB-USD,0.048560972793260944,292.0246276855469,14.181
sell,ETH-USD,0.004593112635595508,1271.6866455078125,5.840999999999999
sell,XRP-USD,12.564450111117976,0.39794817566871643,5.0
sell,LINK-USD,0.7581053563690254,7.704733848571777,5.841
sell,COMP5692-USD,0.13207830460276848,37.85633087158203,5.0
sell,LPT-USD,0.6633723354498765,7.537245273590088,5.0
sell,LDO-USD,4.514590250978602,1.1075202226638794,5.0
sell,SOL-USD,0.36713979509026995,13.618790626525879,5.0
sell,RNDR-USD,13.919468489868178,0.47997522354125977,6.681
sell,SUSHI-USD,3.637596422057917,1.374534010887146,5.0
sell,SNX-USD,2.8891851187304267,1.7305917739868164,5.0
sell,AVAX-USD,0.4470236279643341,13.066423416137695,5.841
sell,AAVE-USD,0.09160154944246993,63.765296936035156,5.841
sell,INJ-USD,2.9549987853961217,1.6920480728149414,5.0
buy,USDT-USD,92.55350544766033,1.0000593662261963,92.559
sell,BTC-USD,0.00046426059290801677,16932.30078125,7.861000000000001
sell,BNB-USD,0.046240598671948505,288.9452209472656,13.360999999999999
sell,ETH-USD,0.00432086235853033,1273.12548828125,5.501
sell,XRP-USD,12.838442256411543,0.3894553482532501,5.0
sell,LINK-USD,0.7200108217258104,7.640162944793701,5.501
sell,COMP5692-USD,0.13364021751609378,37.41388702392578,5.0
sell,LPT-USD,0.6635283659490153,7.535472869873047,5.0
sell,LDO-USD,4.539938605948036,1.1013364791870117,5.0
sell,RNDR-USD,13.115320850938193,0.4796680212020874,6.291
sell,SNX-USD,2.9103886613813934,1.717983603477478,5.0
sell,AVAX-USD,0.42527672184710036,12.935107231140137,5.501
sell,AAVE-USD,0.08708298848174457,63.16962814331055,5.501
buy,USDT-USD,74.50507428993748,1.0000526905059814,74.509
sell,USDT-USD,4.999565519897461,1.0000869035720825,5.0
sell,USDT-USD,80.55529585388456,1.0000708103179932,80.561
buy,BTC-USD,0.0004732791342105291,17006.876953125,8.049000000000001
buy,BNB-USD,0.04701171024150663,291.1827697753906,13.689
buy,ETH-USD,0.004358237940971016,1291.5770263671875,5.629
buy,XRP-USD,12.783138452095164,0.39114025235176086,5.0
buy,LINK-USD,0.738657853315622,7.620578289031982,5.629
buy,COMP5692-USD,0.13091403912039734,38.19300079345703,5.000000000000001
buy,LPT-USD,0.6536348941057315,7.649530410766602,5.0
buy,LDO-USD,4.471878412105651,1.1180983781814575,5.0
buy,RNDR-USD,13.282056049139989,0.4847894012928009,6.439
buy,SNX-USD,2.803880626448759,1.7832428216934204,5.0
buy,AVAX-USD,0.4193688021805573,13.422553062438965,5.629
buy,AAVE-USD,0.08571430257623538,65.6716537475586,5.629
buy,USDT-USD,68.4457199350102,1.0000479221343994,68.449
sell,BTC-USD,0.0003001648919772723,16960.677734375,5.091
sell,BNB-USD,0.029857653602475942,289.741455078125,8.651
sell,ETH-USD,0.00392275016965703,1274.615966796875,5.0
sell,XRP-USD,12.858576411357555,0.3888455331325531,5.0
sell,LINK-USD,0.6736104651371946,7.422687530517578,5.0
sell,COMP5692-USD,0.13298909094155895,37.597068786621094,5.0
sell,LPT-USD,0.6675905509645363,7.489620685577393,5.0
sell,RNDR-USD,10.246660579539313,0.48796385526657104,5.0
sell,SNX-USD,2.8811140929159955,1.7354397773742676,5.0
sell,AVAX-USD,0.37501741728613075,13.332714080810547,5.0
sell,AAVE-USD,0.07827031396265678,63.88117980957031,5.0
buy,USDT-USD,58.734938984798056,1.0000691413879395,58.739000000000004
sell,USDT-USD,62.027184584230724,1.0000615119934082,62.031
buy,BTC-USD,0.0003652140553227915,16973.607421875,6.199
buy,BNB-USD,0.036161430650110446,291.443115234375,10.538999999999998
buy,ETH-USD,0.0039289847516830794,1272.5933837890625,4.999999999999999
buy,XRP-USD,12.66104743858392,0.3949120342731476,5.0
buy,LINK-USD,0.6713605356460524,7.447563171386719,5.0
buy,COMP5692-USD,0.13228905934598303,37.7960205078125,5.0
buy,LPT-USD,0.6651163422051795,7.517481803894043,5.0
buy,RNDR-USD,10.146831108089001,0.4927646815776825,5.0
buy,SNX-USD,2.861625335870357,1.7472587823867798,5.0
buy,AVAX-USD,0.36737673205486854,13.610007286071777,5.0
buy,AAVE-USD,0.0780531865961374,64.05888366699219,5.0
sell,BTC-USD,0.0007086323044142,16907.216796875,11.981
sell,BNB-USD,0.07005934878679178,290.76776123046875,20.371000000000002
sell,ETH-USD,0.00674859523452814,1243.369873046875,8.391
sell,XRP-USD,15.43203504992305,0.38821840286254883,5.9910000000000005
sell,LINK-USD,1.1564919568312813,7.255562782287598,8.391
sell,COMP5692-USD,0.1615097215089169,37.09374237060547,5.9910000000000005
sell,LPT-USD,0.8162144259815788,7.339982986450195,5.9910000000000005
sell,LDO-USD,4.575102599656707,1.0928716659545898,5.0
sell,SOL-USD,0.3760233476899173,13.297046661376953,5.0
sell,RNDR-USD,19.251159620562227,0.49820375442504883,9.591
sell,SUSHI-USD,3.767445628849248,1.3271591663360596,5.0
sell,SNX-USD,3.502443641811258,1.7105200290679932,5.9910000000000005
sell,AVAX-USD,0.6202252223808042,13.528956413269043,8.391
sell,AAVE-USD,0.13357600486682603,62.81816864013672,8.391
sell,INJ-USD,3.0710947168551925,1.6280839443206787,5.0
buy,USDT-USD,119.45871829478635,1.0000860691070557,119.469
sell,USDT-USD,65.98511620296004,1.000089168548584,65.991
buy,BTC-USD,0.0003886188521327873,16954.916015625,6.5889999999999995
buy,BNB-USD,0.038444024006548005,291.5667724609375,11.209000000000001
buy,ETH-USD,0.003976575485033475,1257.36328125,5.0
buy,XRP-USD,12.832579784965844,0.38963326811790466,5.0
buy,LINK-USD,0.6855465423597502,7.293450832366943,5.0
buy,COMP5692-USD,0.13412714818127303,37.27806091308594,5.0
buy,LPT-USD,0.6776416625645982,7.378530979156494,5.0
buy,LDO-USD,4.598127160902834,1.0873992443084717,5.0
buy,RNDR-USD,10.250012389879428,0.514048159122467,5.268999999999999
buy,SNX-USD,2.89790563074625,1.725383996963501,5.0
buy,AVAX-USD,0.3676560461449403,13.5996675491333,5.0
buy,AAVE-USD,0.07926428002196893,63.080116271972656,5.0
sell,USDT-USD,76.27797201673013,1.0000396966934204,76.281
buy,BTC-USD,0.0004479573296978569,17008.31640625,7.619
buy,BNB-USD,0.04435960360128846,292.1351623535156,12.959000000000001
buy,ETH-USD,0.004226070831210868,1260.982177734375,5.329000000000001
buy,XRP-USD,12.778629489257467,0.3912782669067383,5.0
buy,LINK-USD,0.7239653638508449,7.360849380493164,5.329
buy,COMP5692-USD,0.13322251784988826,37.531192779541016,5.0
buy,LPT-USD,0.6740383612843457,7.417975425720215,5.0
buy,LDO-USD,4.53910091408529,1.1015397310256958,5.0
buy,RNDR-USD,11.68743888637669,0.5218423008918762,6.098999999999999
buy,SNX-USD,2.8512236804359326,1.7536330223083496,5.0
buy,AVAX-USD,0.39078302004295223,13.636723518371582,5.329
buy,AAVE-USD,0.08323291171670794,64.02515411376953,5.329
sell,BTC-USD,0.00029395216387833136,17009.5703125,5.0
sell,BNB-USD,0.027210580702661573,290.364990234375,7.901000000000001
sell,ETH-USD,0.003981508923838769,1255.8052978515625,5.0
sell,LINK-USD,0.6810608528744985,7.341487884521484,5.0
sell,RNDR-USD,9.738675749866056,0.5134168267250061,5.0
sell,AVAX-USD,0.3660070198444152,13.660940170288086,5.0
sell,AAVE-USD,0.07824171515734452,63.9045295715332,5.0
buy,USDT-USD,37.89468588435417,1.000113844871521,37.899
sell,USDT-USD,38.62592116081233,1.0001314878463745,38.631
buy,BTC-USD,0.00029241716598420766,17098.859375,5.0
buy,BNB-USD,0.0224975625626029,291.5426940917969,6.558999999999999
buy,ETH-USD,0.003915476561580668,1276.9837646484375,5.000000000000001
buy,LINK-USD,0.6776258538210094,7.3787031173706055,5.0
buy,RNDR-USD,9.937699594026771,0.503134548664093,5.0
buy,AVAX-USD,0.36395948107339615,13.73779296875,5.0
buy,AAVE-USD,0.07810918003357922,64.0129623413086,5.0
sell,USDT-USD,73.56132757946013,1.0001314878463745,73.571
buy,BTC-USD,0.0004289470591206004,17132.650390625,7.348999999999999
buy,BNB-USD,0.04275637315102517,292.3306884765625,12.499
buy,ETH-USD,0.003989482600101701,1288.136962890625,5.1389999999999985
buy,XRP-USD,12.796213034792942,0.39074060320854187,5.0
buy,LINK-USD,0.6901195783925441,7.446535587310791,5.138999999999999
buy,COMP5692-USD,0.13223343268596738,37.811920166015625,5.0
buy,LPT-USD,0.6675045358054101,7.490585803985596,5.0
buy,LDO-USD,4.515273576788052,1.107352614402771,5.0
buy,RNDR-USD,11.433215538737882,0.5142035484313965,5.879
buy,SNX-USD,2.827141203715406,1.7685710191726685,5.0
buy,AVAX-USD,0.36906914488394754,13.924220085144043,5.138999999999999
buy,AAVE-USD,0.07968013014195949,64.49537658691406,5.138999999999999
sell,USDT-USD,67.93214872949585,1.000130295753479,67.941
buy,BTC-USD,0.00039318596566559046,17266.638671875,6.789000000000001
buy,BNB-USD,0.03899588517091835,295.90301513671875,11.538999999999998
buy,ETH-USD,0.003863068919658258,1294.3077392578125,5.0
buy,XRP-USD,12.819820683758268,0.39002105593681335,5.0
buy,LINK-USD,0.664896316982339,7.519969463348389,5.0
buy,COMP5692-USD,0.1322003431488094,37.82138442993164,5.0
buy,LPT-USD,0.6666417872918994,7.500279903411865,5.0
buy,LDO-USD,4.4921429610308605,1.1130545139312744,5.0
buy,RNDR-USD,10.533065668384486,0.5154244899749756,5.428999999999999
buy,SNX-USD,2.819666616403959,1.7732592821121216,5.0
buy,AVAX-USD,0.3594529690308719,13.910025596618652,5.0
buy,AAVE-USD,0.07713092178371847,64.82484436035156,5.0
sell,USDT-USD,8.529866224188806,1.0001329183578491,8.530999999999999
buy,USDT-USD,14.306455450113825,1.0001778602600098,14.309000000000001
sell,BTC-USD,0.0005342528085278533,17259.619140625,9.221
sell,BNB-USD,0.053179964022481284,294.67864990234375,15.671
sell,ETH-USD,0.005011149174700116,1287.3294677734375,6.4510000000000005
sell,XRP-USD,12.733027067636876,0.3926796019077301,5.0
sell,LINK-USD,0.8604533095936975,7.49721097946167,6.4510000000000005
sell,COMP5692-USD,0.13002378723445202,38.45450210571289,5.0
sell,LPT-USD,0.6586845869492663,7.59088659286499,5.0
sell,LDO-USD,4.487632247966402,1.1141732931137085,5.0
sell,SOL-USD,0.35847114812123454,13.948123931884766,5.0
sell,RNDR-USD,14.335564943429379,0.5148733258247375,7.381
sell,SUSHI-USD,3.6105132522659407,1.3848446607589722,5.0
sell,SNX-USD,2.7403409981096023,1.8245904445648193,5.0
sell,AVAX-USD,0.4608407763564062,13.998327255249023,6.4510000000000005
sell,AAVE-USD,0.09793714939111968,65.8687744140625,6.4510000000000005
sell,INJ-USD,3.0329435215591296,1.6485635042190552,5.0
buy,USDT-USD,98.05188774923504,1.0001745223999023,98.06899999999999
sell,BTC-USD,0.0008289477848327235,17095.166015625,14.171
sell,BNB-USD,0.08298773813088074,290.2958984375,24.091
sell,ETH-USD,0.007855999055031739,1262.8565673828125,9.921
sell,XRP-USD,18.1136390640039,0.3914729654788971,7.091
sell,DOGE-USD,48.55661130328194,0.1029725894331932,5.0
sell,LINK-USD,1.3486641793395762,7.356167793273926,9.921
sell,COMP5692-USD,0.1853143746455315,38.264705657958984,7.091
sell,LPT-USD,0.9398972491254337,7.5444416999816895,7.091
sell,LDO-USD,5.22175266533133,1.086033821105957,5.671
sell,SOL-USD,0.36370177381338625,13.747527122497559,5.0
sell,RNDR-USD,22.322055010895866,0.5080625414848328,11.341
sell,SUSHI-USD,3.645506213642644,1.3715516328811646,5.0
sell,SNX-USD,3.8597688372738586,1.8371566534042358,7.091
sell,AVAX-USD,0.7181224231479717,13.815193176269531,9.921
sell,AAVE-USD,0.15381093335825158,64.50126647949219,9.921
sell,INJ-USD,3.0316540579767235,1.6492646932601929,5.0
buy,USDT-USD,143.3077931451436,1.0000782012939453,143.319
sell,BTC-USD,0.0004283729905641452,16950.181640625,7.261
sell,BNB-USD,0.04297581801819873,286.9288024902344,12.331
sell,ETH-USD,0.004042139152118587,1257.0076904296875,5.081
sell,XRP-USD,12.98097321924378,0.3851791322231293,5.0
sell,LINK-USD,0.704920518505072,7.207904815673828,5.081
sell,COMP5692-USD,0.1284843508703415,38.915245056152344,5.0
sell,LPT-USD,0.6689105388546658,7.474841117858887,5.0
sell,RNDR-USD,11.39805558288704,0.5098237991333008,5.811
sell,SNX-USD,2.6839780300901146,1.8629064559936523,5.0
sell,AVAX-USD,0.37533574139876746,13.537213325500488,5.081
sell,AAVE-USD,0.07887160322176838,64.42115783691406,5.081
buy,USDT-USD,65.7133832760085,1.000085473060608,65.719
sell,USDT-USD,37.95880082974395,1.0000579357147217,37.961
buy,BTC-USD,0.00029354091874408977,17033.400390625,5.0
buy,BNB-USD,0.022294009051973467,289.2705383300781,6.449
buy,ETH-USD,0.003952139742103585,1265.137451171875,5.000000000000001
buy,LINK-USD,0.6843972649590501,7.305698394775391,5.0
buy,RNDR-USD,10.083280805026947,0.49587035179138184,5.0
buy,AVAX-USD,0.36722249534762647,13.615723609924316,5.0
buy,AAVE-USD,0.07696499370525564,64.964599609375,5.0
sell,BTC-USD,0.0002941494817109113,16998.16015625,5.0
sell,BNB-USD,0.028470808109741976,288.4006652832031,8.211
sell,LINK-USD,0.6915679475783982,7.229947566986084,5.0
sell,RNDR-USD,10.190386550636525,0.4906585216522217,5.0
sell,AVAX-USD,0.367046955992352,13.622235298156738,5.0
sell,AAVE-USD,0.07858215895057037,63.6276741027832,5.0
buy,USDT-USD,33.20550077072605,1.000105381011963,33.209
sell,BTC-USD,0.0004494588417404861,16978.1953125,7.631
sell,BNB-USD,0.04511285363813192,287.52337646484375,12.970999999999998
sell,ETH-USD,0.004265319861906239,1252.192138671875,5.341
sell,XRP-USD,12.872113967955087,0.38843658566474915,5.0
sell,LINK-USD,0.7481663418524238,7.138786792755127,5.341
sell,COMP5692-USD,0.13134947576755898,38.06638717651367,5.000000000000001
sell,LPT-USD,0.6578094356598589,7.600985527038574,5.0
sell,LDO-USD,4.7005515183003395,1.0637049674987793,5.0
sell,RNDR-USD,12.454228999844393,0.4906767010688782,6.111000000000001
sell,SNX-USD,2.641985399458892,1.8925161361694336,5.0
sell,AVAX-USD,0.3947051139081424,13.531620979309082,5.341
sell,AAVE-USD,0.08444598804822208,63.247528076171875,5.341
buy,USDT-USD,73.06485403555381,1.0000567436218262,73.06899999999999
sell,USDT-USD,103.15257672940974,1.0000816583633423,103.161
buy,BTC-USD,0.0006031669703333081,17091.453125,10.309000000000001
buy,BNB-USD,0.06035390980489196,290.4368591308594,17.529
buy,ETH-USD,0.005684857400921219,1269.86474609375,7.2189999999999985
buy,XRP-USD,13.12912962582022,0.3921813666820526,5.149
buy,LINK-USD,1.0118857839960147,7.134204387664795,7.218999999999999
buy,COMP5692-USD,0.13385733217225354,38.46632766723633,5.149
buy,LPT-USD,0.6811686555205061,7.559067726135254,5.149
buy,LDO-USD,4.707517036575789,1.0621310472488403,5.0
buy,SOL-USD,0.34985506006560985,14.291632652282715,5.0
buy,RNDR-USD,15.97361663436823,0.5164140462875366,8.249
buy,SUSHI-USD,3.9474000480919225,1.266656517982483,5.0
buy,SNX-USD,2.7065194032753737,1.9024434089660645,5.149
buy,AVAX-USD,0.5282028767028656,13.667097091674805,7.218999999999999
buy,AAVE-USD,0.11284699868167494,63.97157287597656,7.218999999999999
buy,INJ-USD,3.043647119266907,1.642765998840332,5.0
sell,BTC-USD,0.0003592493568031224,17038.3046875,6.121
sell,BNB-USD,0.0360024122738216,288.8973083496094,10.401
sell,ETH-USD,0.0039584983915701,1263.105224609375,5.0
sell,XRP-USD,12.962023313571853,0.3857422471046448,5.0
sell,LINK-USD,0.7083134708080153,7.059021472930908,5.0
sell,COMP5692-USD,0.13091253544057982,38.19343948364258,5.0
sell,LPT-USD,0.6647293181943672,7.5218586921691895,5.0
sell,RNDR-USD,9.69204119026924,0.5158872008323669,5.0
sell,SNX-USD,2.6322770847579484,1.899496078491211,5.0
sell,AVAX-USD,0.3685542046122279,13.56652545928955,5.0
sell,AAVE-USD,0.07839714585390875,63.77783203125,5.0
buy,USDT-USD,61.515113418327374,1.000063180923462,61.519000000000005
sell,BTC-USD,0.0007514424339604385,16955.390625,12.741000000000001
sell,BNB-USD,0.07532377706089043,287.4391174316406,21.651
sell,ETH-USD,0.007266559174254639,1227.6787109375,8.921
sell,XRP-USD,16.55283941672758,0.3848886489868164,6.371
sell,DOGE-USD,50.46403029066149,0.09908047318458557,5.0
sell,LINK-USD,1.2824530408085049,6.956200122833252,8.921
sell,COMP5692-USD,0.16903507247189437,37.69040298461914,6.371
sell,LPT-USD,0.8617718938102049,7.392907619476318,6.371
sell,LDO-USD,4.933361380861454,1.0339806079864502,5.101
sell,SOL-USD,0.359193628500471,13.920068740844727,5.0
sell,RNDR-USD,20.079321617853733,0.5075370669364929,10.190999999999999
sell,SUSHI-USD,4.08974755878586,1.2225693464279175,5.0
sell,SNX-USD,3.3405666411016584,1.9071614742279053,6.371
sell,AVAX-USD,0.6679505229371883,13.355779647827148,8.921
sell,AAVE-USD,0.14234456114487412,62.671871185302734,8.921
sell,INJ-USD,3.1215388056030315,1.6017740964889526,5.0
buy,USDT-USD,130.8421370567912,1.0000524520874023,130.849
sell,BTC-USD,0.0010921983404331324,16774.42578125,18.321
sell,BNB-USD,0.109995052651703,283.0218200683594,31.131
sell,ETH-USD,0.010428865070785562,1229.3763427734375,12.821000000000002
sell,XRP-USD,24.294017240182917,0.377088725566864,9.161
sell,DOGE-USD,52.43086446528832,0.09536367654800415,5.0
sell,LINK-USD,1.8810692171097103,6.815804481506348,12.821
sell,COMP5692-USD,0.2494599124402891,36.72333526611328,9.161
sell,LPT-USD,1.2700989470850543,7.212823867797852,9.161
sell,LDO-USD,7.245540261677398,1.0117948055267334,7.331
sell,SOL-USD,0.4036431044419508,13.628376007080078,5.501
sell,RNDR-USD,29.77213891210561,0.4921043813228607,14.651
sell,SUSHI-USD,4.604750407231294,1.1946358680725098,5.501
sell,SNX-USD,4.902551432522551,1.8686188459396362,9.161
sell,AVAX-USD,0.982509174148999,13.04924201965332,12.821
sell,AAVE-USD,0.20902035445572215,61.338523864746094,12.821
sell,INJ-USD,3.4172964521479825,1.6097520589828491,5.501
buy,USDT-USD,180.84444812172865,1.0000804662704468,180.859
sell,USDT-USD,44.13722745608258,1.000085473060608,44.141
buy,BTC-USD,0.00029697187293547996,16836.611328125,5.0
buy,BNB-USD,0.026391439080498284,284.1451721191406,7.499
buy,ETH-USD,0.004064797799134285,1230.073486328125,4.999999999999999
buy,LINK-USD,0.7262999896794606,6.884207725524902,5.0
buy,RNDR-USD,10.055140440820264,0.49725809693336487,5.0
buy,AVAX-USD,0.3796875063367189,13.168724060058594,5.0
buy,AAVE-USD,0.08067943766914525,61.97365951538086,5.0
sell,USDT-USD,94.41300901551236,1.000084638595581,94.421
buy,BTC-USD,0.0005596478577126894,16865.962890625,9.439
buy,BNB-USD,0.05643426342790095,284.38397216796875,16.049
buy,ETH-USD,0.005346125239089219,1234.3519287109375,6.598999999999999
buy,XRP-USD,13.080896157328635,0.3822368085384369,5.0
buy,LINK-USD,0.9590401749446626,6.880837917327881,6.598999999999999
buy,COMP5692-USD,0.1308364028893172,38.21566390991211,4.999999999999999
buy,LPT-USD,0.6840840478400071,7.3090434074401855,5.0
buy,LDO-USD,4.8285105067174054,1.0355160236358643,5.0
buy,SOL-USD,0.36530744289667355,13.687101364135742,5.0
buy,RNDR-USD,14.82459372442811,0.5092213749885559,7.5489999999999995
buy,SUSHI-USD,4.187222569190984,1.1941089630126953,5.0
buy,SNX-USD,2.5441857982365472,1.9652652740478516,5.0
buy,AVAX-USD,0.4977688174881797,13.257158279418945,6.598999999999999
buy,AAVE-USD,0.10512335387766764,62.77387237548828,6.598999999999999
buy,INJ-USD,3.140655762427286,1.5920242071151733,5.0
sell,BTC-USD,0.0003518521102067656,16799.671875,5.9110000000000005
sell,BNB-USD,0.035552034511528004,282.7123718261719,10.051
sell,ETH-USD,0.004054832100648536,1233.0966796875,5.000000000000001
sell,XRP-USD,13.073074169747361,0.38246551156044006,5.0
sell,LINK-USD,0.7333185444741371,6.818319320678711,5.0
sell,COMP5692-USD,0.1328640167118021,37.63246154785156,5.0
sell,LPT-USD,0.6928060821388443,7.217026710510254,5.0
sell,RNDR-USD,9.797060907888609,0.510357141494751,5.0
sell,SNX-USD,2.535074909539622,1.9723283052444458,5.0
sell,AVAX-USD,0.3795116905377962,13.174824714660645,5.0
sell,AAVE-USD,0.08187946966251705,61.06536865234375,5.0
buy,USDT-USD,60.957648390459944,1.0000221729278564,60.959
sell,USDT-USD,65.62425655589686,1.0001027584075928,65.631
buy,BTC-USD,0.00038767035284705914,16919.013671875,6.558999999999999
buy,BNB-USD,0.03877264418231665,287.548095703125,11.149000000000001
buy,ETH-USD,0.003997292849032418,1250.8465576171875,5.0
buy,XRP-USD,12.86769401344322,0.38857001066207886,5.0
buy,LINK-USD,0.721884399608166,6.926316738128662,5.0
buy,COMP5692-USD,0.13254918109378153,37.72184753417969,4.999999999999999
buy,LPT-USD,0.7019843998706059,7.1226654052734375,5.0
buy,LDO-USD,4.885863823115194,1.0233604907989502,5.0
buy,RNDR-USD,10.238526836084132,0.5126714110374451,5.249
buy,SNX-USD,2.582055742382949,1.9364415407180786,5.0
buy,AVAX-USD,0.3771497687162249,13.257332801818848,5.0
buy,AAVE-USD,0.08061095864260277,62.02630615234375,5.0
sell,USDT-USD,148.2964684237189,1.0000979900360107,148.311
buy,BTC-USD,0.0008601229431960383,17240.55859375,14.829
buy,BNB-USD,0.086705355557151,290.7432861328125,25.209
buy,ETH-USD,0.008082624852059758,1284.112548828125,10.379000000000003
buy,XRP-USD,18.929268691607643,0.3914044499397278,7.409
buy,DOGE-USD,50.92348584483728,0.09818652272224426,5.0
buy,LINK-USD,1.4727539776117293,7.047341346740723,10.379000000000001
buy,COMP5692-USD,0.19434286557093464,38.12334442138672,7.409
buy,LPT-USD,1.017071493234469,7.284640312194824,7.408999999999999
buy,LDO-USD,5.665333240840061,1.046540379524231,5.928999999999999
buy,SOL-USD,0.3639669094232725,13.737512588500977,5.0
buy,RNDR-USD,22.82172459194731,0.5196364521980286,11.859
buy,SUSHI-USD,4.204757869013942,1.189129114151001,5.0
buy,SNX-USD,3.79713653592468,1.951207160949707,7.409
buy,AVAX-USD,0.7748664335007617,13.394566535949707,10.379000000000001
buy,AAVE-USD,0.1644772125171321,63.10296630859375,10.379000000000001
buy,INJ-USD,3.0672161612001436,1.6301426887512207,5.0
sell,BTC-USD,0.00032500519501583303,17172.033203125,5.581
sell,BNB-USD,0.03278090352620607,289.2232666015625,9.480999999999998
sell,ETH-USD,0.003935851009589986,1270.373291015625,5.0
sell,XRP-USD,12.89426927548159,0.3877691626548767,5.0
sell,LINK-USD,0.722104179581765,6.924208641052246,5.0
sell,COMP5692-USD,0.12693121192521215,39.391414642333984,5.0
sell,LPT-USD,0.691513355495329,7.230518341064453,5.0
sell,RNDR-USD,9.612349484187238,0.5201641917228699,5.0
sell,SNX-USD,2.6273377163387512,1.9030671119689941,5.0
sell,AVAX-USD,0.3710892032370364,13.473849296569824,5.0
sell,AAVE-USD,0.08085509793267767,61.839019775390625,5.0
buy,USDT-USD,60.05469023567178,1.0000717639923096,60.059000000000005
sell,BTC-USD,0.00038852907129180415,17118.41015625,6.651000000000001
sell,BNB-USD,0.03950463218648184,286.0677185058594,11.301
sell,ETH-USD,0.003955899447526191,1263.93505859375,5.0
sell,XRP-USD,12.878542484326907,0.3882426917552948,5.0
sell,LINK-USD,0.7325657448441519,6.825325965881348,5.0
sell,COMP5692-USD,0.12858380059151372,38.88514709472656,5.0
sell,LPT-USD,0.6937627606541104,7.2070746421813965,5.0
sell,LDO-USD,4.826471912579297,1.035953402519226,5.0
sell,RNDR-USD,10.26766734537667,0.5182287096977234,5.321000000000001
sell,SNX-USD,2.6467645742924013,1.889098882675171,5.0
sell,AVAX-USD,0.37365444261995984,13.38134765625,5.0
sell,AAVE-USD,0.08158371701743644,61.286739349365234,5.0
buy,USDT-USD,68.26461373867926,1.0000642538070679,68.26899999999999
sell,USDT-USD,48.0282460763022,1.000057339668274,48.031
buy,BTC-USD,0.0002913388488177845,17162.146484375,5.0
buy,BNB-USD,0.028355632173448317,287.7382507324219,8.159
buy,ETH-USD,0.003933086824043913,1271.26611328125,5.000000000000001
buy,LINK-USD,0.7280646749529257,6.8675217628479,5.0
buy,RNDR-USD,9.835392229946716,0.5083681344985962,5.0
buy,AVAX-USD,0.3722412303340592,13.432149887084961,5.0
buy,AAVE-USD,0.08105710155928182,61.68490982055664,5.0
sell,BTC-USD,0.0002920333937280577,17124.75390625,5.001000000000001
sell,BNB-USD,0.029363621617371657,289.1673278808594,8.491
sell,LINK-USD,0.733225167442575,6.819187641143799,5.0
sell,RNDR-USD,9.785705319967505,0.5109493732452393,5.0
sell,AVAX-USD,0.37599452038015113,13.298066139221191,5.0
sell,AAVE-USD,0.0827153598823689,60.448265075683594,5.0
buy,USDT-USD,33.48638531322716,1.0000780820846558,33.489000000000004
sell,BTC-USD,0.000696733786639512,17124.1875,11.931
sell,BNB-USD,0.07101826249454594,285.5744323730469,20.281000000000002
sell,ETH-USD,0.0066063278468097035,1264.091064453125,8.350999999999999
sell,XRP-USD,15.674219273436204,0.38094401359558105,5.971
sell,LINK-USD,1.2396055015604674,6.736820697784424,8.350999999999999
sell,COMP5692-USD,0.1575404118172382,37.90138626098633,5.971000000000001
sell,LPT-USD,0.8401437393091644,7.107117176055908,5.971
sell,LDO-USD,4.875146482070781,1.0256102085113525,5.0
sell,SOL-USD,0.3706243604674795,13.490748405456543,5.0
sell,RNDR-USD,19.05830629697996,0.5011463165283203,9.551
sell,SUSHI-USD,4.394848403912829,1.1376956701278687,5.0
sell,SNX-USD,3.087684724176189,1.9338114261627197,5.971
sell,AVAX-USD,0.6349631121121638,13.151945114135742,8.350999999999999
sell,AAVE-USD,0.13973291406822766,59.764015197753906,8.350999999999999
sell,INJ-USD,3.1375557653757142,1.593597173690796,5.0
buy,USDT-USD,119.03987540627881,1.0000766515731812,119.04899999999999
sell,BTC-USD,0.00035628227253872534,16983.724609375,6.051
sell,BNB-USD,0.03608809414065212,285.1632995605469,10.290999999999999
sell,ETH-USD,0.00397858711979044,1256.7275390625,5.0
sell,XRP-USD,13.086259939368894,0.3820801377296448,5.0
sell,LINK-USD,0.7498995021557422,6.66756010055542,5.0
sell,COMP5692-USD,0.13223159172043317,37.81244659423828,5.0
sell,LPT-USD,0.7142646951438153,7.000205993652344,5.0
sell,RNDR-USD,10.013635247781012,0.4993191659450531,5.0
sell,SNX-USD,2.613825599301036,1.912904977798462,5.0
sell,AVAX-USD,0.3877121927959459,12.896163940429688,5.0
sell,AAVE-USD,0.0841395973185382,59.425052642822266,5.0
buy,USDT-USD,61.33560733678291,1.0000553131103516,61.339000000000006
sell,BTC-USD,0.0008119185445464351,16899.478515625,13.721
sell,BNB-USD,0.08249340714371498,282.8226013183594,23.331
sell,ETH-USD,0.007721826644683319,1244.6536865234375,9.610999999999999
sell,XRP-USD,18.29828021171665,0.3749532699584961,6.861000000000001
sell,DOGE-USD,57.0131954096422,0.08769899606704712,5.0
sell,LINK-USD,1.4662435971552625,6.554845333099365,9.610999999999999
sell,COMP5692-USD,0.18365687756245497,37.35770797729492,6.861000000000001
sell,LPT-USD,1.0055753075872835,6.822959899902344,6.861000000000001
sell,LDO-USD,5.486285850952427,1.000859260559082,5.4910000000000005
sell,SOL-USD,0.3837963799040114,13.027741432189941,5.0
sell,RNDR-USD,22.234337642200085,0.49387574195861816,10.981
sell,SUSHI-USD,4.514777829074547,1.1074742078781128,5.0
sell,SNX-USD,3.6821365674548443,1.8633203506469727,6.861000000000001
sell,AVAX-USD,0.7592365626385024,12.658768653869629,9.610999999999999
sell,AAVE-USD,0.16367122628789618,58.721378326416016,9.610999999999999
sell,INJ-USD,3.14680971583982,1.5889108180999756,5.0
buy,USDT-USD,139.39897955504992,1.0000718832015991,139.409
sell,USDT-USD,34.749094489161365,1.0000548362731934,34.751
buy,BTC-USD,0.0002947240933492515,16965.01953125,5.0
buy,BNB-USD,0.02088432851261211,282.4606018066406,5.899
buy,RNDR-USD,10.126140254984481,0.4937715530395508,5.0
sell,BTC-USD,0.0002946531276623809,16969.10546875,5.0
sell,BNB-USD,0.019465738182286266,276.4344177246094,5.381
sell,RNDR-USD,10.169887119767685,0.49164754152297974,5.0
buy,USDT-USD,15.377920250531727,1.0000702142715454,15.379000000000001
sell,USDT-USD,13.17912099591361,1.0001425743103027,13.181
sell,USDT-USD,103.97825776088497,1.0001225471496582,103.991
buy,BTC-USD,0.0006045969055027493,17183.349609375,10.389000000000001
buy,BNB-USD,0.06400379925206647,276.0617370605469,17.669
buy,ETH-USD,0.005710942396421423,1272.8197021484375,7.268999999999999
buy,XRP-USD,13.494953992791281,0.38451409339904785,5.189
buy,LINK-USD,1.0858048098163913,6.694573402404785,7.268999999999999
buy,COMP5692-USD,0.1323201289324976,39.21549987792969,5.189
buy,LPT-USD,0.7586068870863715,6.840169906616211,5.189
buy,LDO-USD,4.724055842988,1.0584125518798828,5.0
buy,SOL-USD,0.37518519960338087,13.326751708984375,5.0
buy,RNDR-USD,16.56572144035215,0.5015779137611389,8.309000000000001
buy,SUSHI-USD,4.403171985678235,1.135545015335083,5.0
buy,SNX-USD,2.732345949744806,1.899100661277771,5.189
buy,AVAX-USD,0.5587070932156452,13.010395050048828,7.268999999999999
buy,AAVE-USD,0.11975998637940312,60.6963996887207,7.268999999999999
buy,INJ-USD,3.037462435490285,1.6461108922958374,5.0
sell,BNB-USD,0.02383384167232266,272.3438415527344,6.4910000000000005
sell,ETH-USD,0.0039390300465480645,1269.3480224609375,5.0
sell,LINK-USD,0.7518679894377553,6.650103569030762,5.0
sell,RNDR-USD,10.128149596946852,0.4936735928058624,5.0
sell,AVAX-USD,0.38708318942585307,12.917119979858398,5.0
sell,AAVE-USD,0.08366089966104673,59.76507568359375,5.0
buy,USDT-USD,31.485209137293257,1.0001204013824463,31.488999999999997
sell,BTC-USD,0.00037025184251334456,17153.189453125,6.351
sell,BNB-USD,0.040474075022814235,266.8621826171875,10.801
sell,ETH-USD,0.003927899642931291,1272.9449462890625,5.0
sell,XRP-USD,13.148117352078335,0.38028258085250854,5.0
sell,LINK-USD,0.7554421029637984,6.618640899658203,5.0
sell,LPT-USD,0.7404977055062342,6.752215385437012,5.0
sell,LDO-USD,4.799540998486206,1.0417662858963013,5.0
sell,RNDR-USD,10.275602838859399,0.4944722056388855,5.081
sell,SNX-USD,2.672543031578325,1.8708772659301758,5.0
sell,AVAX-USD,0.38913352238990306,12.84906005859375,5.0
sell,AAVE-USD,0.08404997341375811,59.48841857910156,5.0
buy,USDT-USD,62.2216716075482,1.0001177787780762,62.229
sell,BTC-USD,0.0003304043731168654,17163.81640625,5.671
sell,BNB-USD,0.03665104539425454,263.0484313964844,9.641
sell,ETH-USD,0.003949593315313314,1265.953125,5.0
sell,XRP-USD,13.051353462461526,0.38310202956199646,5.0
sell,LINK-USD,0.7639080934731353,6.545289993286133,5.0
sell,COMP5692-USD,0.13045531165076452,38.327301025390625,5.0
sell,LPT-USD,0.7564211788350155,6.610074043273926,5.0
sell,RNDR-USD,10.146035229396503,0.49280333518981934,5.0
sell,SNX-USD,2.6992749426075604,1.8523492813110352,5.0
sell,AVAX-USD,0.3932853853741146,12.713414192199707,5.0
sell,AAVE-USD,0.08481300883712573,58.95322036743164,5.0
buy,USDT-USD,60.28720963625704,1.000361442565918,60.309000000000005
sell,USDT-USD,10.158177277656291,1.0002778768539429,10.161
sell,USDT-USD,45.69108137474258,1.000217080116272,45.701
buy,BTC-USD,0.00028732390888465013,17401.962890625,5.0
buy,BNB-USD,0.029053575787272905,267.058349609375,7.759
buy,ETH-USD,0.003884331879743513,1287.22265625,5.0
buy,LINK-USD,0.7474655554556789,6.689271450042725,5.0
buy,RNDR-USD,10.021326628084728,0.4989359378814697,5.0
buy,AVAX-USD,0.38870031298394037,12.863380432128906,5.0
buy,AAVE-USD,0.08322235706856054,60.08000946044922,5.0
sell,USDT-USD,57.21272844654222,1.0003193616867065,57.230999999999995
buy,BTC-USD,0.0003278968075019689,17441.462890625,5.718999999999999
buy,BNB-USD,0.0361954141122615,268.5146789550781,9.719000000000001
buy,ETH-USD,0.0038749232299755583,1290.34814453125,5.0
buy,XRP-USD,12.944987174774598,0.3862498998641968,5.0
buy,LINK-USD,0.744192278817742,6.718693733215332,5.0
buy,COMP5692-USD,0.12832661881505633,38.963077545166016,5.0
buy,LPT-USD,0.7513295814240365,6.654869079589844,5.0
buy,RNDR-USD,9.931342788814435,0.5034565925598145,5.0
buy,SNX-USD,2.7136514010361203,1.8425358533859253,5.0
buy,AVAX-USD,0.37985500842285996,13.162917137145996,5.0
buy,AAVE-USD,0.08229008939077383,60.760658264160156,5.0
sell,USDT-USD,275.9799373559131,1.0002574920654297,276.051
buy,BTC-USD,0.0015429178333072554,17887.537109375,27.599
buy,BNB-USD,0.1720482362066085,272.7084045410156,46.919000000000004
buy,ETH-USD,0.014483185873102447,1333.8916015625,19.319
buy,XRP-USD,34.945284193830126,0.3948744535446167,13.799000000000003
buy,DOGE-USD,58.75851650847889,0.0939268097281456,5.518999999999999
buy,LINK-USD,2.7761366168883757,6.958951473236084,19.319
buy,COMP5692-USD,0.3488899704545589,39.551151275634766,13.799000000000003
buy,LPT-USD,2.0312589260915197,6.793323993682861,13.799000000000003
buy,LDO-USD,10.054759749448193,1.0978879928588867,11.039
buy,SOL-USD,0.5896205011620356,14.041234970092773,8.279
buy,RNDR-USD,42.19465229772719,0.5232653617858887,22.078999999999997
buy,SUSHI-USD,7.1409512453607755,1.1593693494796753,8.279
buy,SNX-USD,7.309845579748172,1.887727975845337,13.799000000000001
buy,AVAX-USD,1.3844616260882485,13.954160690307617,19.319
buy,AAVE-USD,0.3048321267818907,63.3758659362793,19.319
buy,INJ-USD,5.057331624770242,1.6370292901992798,8.279
buy,GRT6719-USD,81.27127002708208,0.067908376455307,5.518999999999999
sell,BNB-USD,0.01825064087218993,273.9629821777344,5.0
buy,USDT-USD,4.999684711311783,1.0000630617141724,5.0
sell,BTC-USD,0.000899858808301337,17648.32421875,15.881
sell,BNB-USD,0.10106470537418943,267.0665283203125,26.991
sell,ETH-USD,0.008451632540506791,1315.8404541015625,11.120999999999999
sell,XRP-USD,20.41914747601942,0.38889968395233154,7.941
sell,DOGE-USD,56.01695745727623,0.08925868570804596,5.0
sell,LINK-USD,1.6342607563036868,6.8049116134643555,11.120999999999999
sell,COMP5692-USD,0.20559050711789376,38.62532424926758,7.941000000000001
sell,LPT-USD,1.200183026159165,6.616490840911865,7.941000000000001
sell,LDO-USD,5.846570510226825,1.0862778425216675,6.351
sell,SOL-USD,0.3673297062402079,13.611749649047852,5.0
sell,RNDR-USD,24.741274750833917,0.5133526921272278,12.700999999999999
sell,SUSHI-USD,4.373322456081741,1.1432955265045166,5.0
sell,SNX-USD,4.3145917872410795,1.8404985666275024,7.941000000000001
sell,AVAX-USD,0.8232583189148691,13.50851821899414,11.120999999999999
sell,AAVE-USD,0.18119299495639793,61.37654495239258,11.120999999999999
sell,INJ-USD,3.050449941482734,1.6391024589538574,5.0
sell,GRT6719-USD,75.2647477550852,0.0664321631193161,5.0
buy,USDT-USD,163.1665686286594,1.0000149011611938,163.16899999999998
buy,USDT-USD,4.999983310755169,1.0000033378601074,5.0
sell,USDT-USD,61.070279265684206,1.0000118017196655,61.071
buy,BTC-USD,0.0003433191315697815,17764.8125,6.098999999999999
buy,BNB-USD,0.03820439869639631,271.6702880859375,10.379
buy,ETH-USD,0.0037892717169628653,1319.5147705078125,5.0
buy,XRP-USD,12.66819938554323,0.39468908309936523,5.0
buy,LINK-USD,0.7262672913197783,6.884517669677734,5.0
buy,COMP5692-USD,0.12833444658609341,38.96070098876953,5.0
buy,LPT-USD,0.7450193541786269,6.711235046386719,5.0
buy,RNDR-USD,9.653249300454824,0.5179603099822998,4.999999999999999
buy,SNX-USD,2.715758285246615,1.8411064147949219,5.0
buy,AVAX-USD,0.3654210771031029,13.682845115661621,5.0
buy,AAVE-USD,0.08067734699359441,61.97526550292969,5.0
sell,USDT-USD,53.29898586624627,1.0000377893447876,53.300999999999995
buy,BTC-USD,0.00029922718186121207,17809.2109375,5.329
buy,BNB-USD,0.03316423555257729,273.15570068359375,9.059000000000001
buy,ETH-USD,0.0037835404720133006,1321.5135498046875,5.0
buy,XRP-USD,12.672565649759933,0.3945530951023102,5.0
buy,LINK-USD,0.722332801204035,6.9220170974731445,5.0
buy,COMP5692-USD,0.125424138500891,39.8647346496582,4.999999999999999
buy,LPT-USD,0.7423980515676137,6.734931468963623,5.0
buy,RNDR-USD,9.637272817300982,0.5188189744949341,5.0
buy,SNX-USD,2.6622345852778433,1.8781214952468872,5.0
buy,AVAX-USD,0.36286670845646896,13.77916431427002,5.0
buy,AAVE-USD,0.08050303587689236,62.109458923339844,5.0
sell,USDT-USD,69.27758922620411,1.0000492334365845,69.281
buy,BTC-USD,0.0003831966798609318,18056.001953125,6.919
buy,BNB-USD,0.04314329293464021,272.78863525390625,11.769
buy,ETH-USD,0.003730839257573918,1340.1810302734375,5.0
buy,XRP-USD,12.720950210976863,0.3930523991584778,5.0
buy,LINK-USD,0.7254916449623049,6.891878128051758,5.0
buy,COMP5692-USD,0.12556922986722074,39.81867218017578,5.000000000000001
buy,LPT-USD,0.7208354182883142,6.93639612197876,5.0
buy,LDO-USD,4.368761763501922,1.144489049911499,5.0
buy,RNDR-USD,10.661335684137464,0.5195409059524536,5.539
buy,SNX-USD,2.6268473653014732,1.9034223556518555,5.0
buy,AVAX-USD,0.3599735166578588,13.889910697937012,5.0
buy,AAVE-USD,0.0792274645216643,63.10942840576172,5.0
sell,BTC-USD,0.0007259833553957238,17811.703125,12.931
sell,BNB-USD,0.08188245828358673,268.5679016113281,21.991
sell,ETH-USD,0.006919028558208227,1309.576904296875,9.061
sell,XRP-USD,16.906887726900603,0.3827434182167053,6.471
sell,DOGE-USD,56.183438221743565,0.08899419754743576,5.0
sell,LINK-USD,1.338770311237789,6.76815128326416,9.061
sell,COMP5692-USD,0.16280142077708945,39.74781036376953,6.471
sell,LPT-USD,0.9585715934953147,6.750669479370117,6.471
sell,LDO-USD,4.551681261712012,1.1382607221603394,5.181
sell,SOL-USD,0.3488601964827194,14.332388877868652,5.0
sell,RNDR-USD,20.367294525677824,0.5082167387008667,10.350999999999999
sell,SUSHI-USD,4.429043762306628,1.1289118528366089,5.0
sell,SNX-USD,3.472980317850288,1.863241195678711,6.471
sell,AVAX-USD,0.6623033213010835,13.681042671203613,9.061
sell,AAVE-USD,0.14594871827642286,62.08345031738281,9.061
sell,INJ-USD,3.160621480540603,1.5819673538208008,5.0
buy,USDT-USD,132.57403752615653,1.000037431716919,132.579
sell,BTC-USD,0.0008741737271398118,17652.09765625,15.431
sell,BNB-USD,0.09987251360798184,262.64483642578125,26.231
sell,ETH-USD,0.008360636223215773,1291.8873291015625,10.801
sell,XRP-USD,20.316847035588744,0.38002943992614746,7.720999999999999
sell,DOGE-USD,57.4927575975725,0.08696747571229935,5.0
sell,LINK-USD,1.63400971460551,6.610119819641113,10.801
sell,COMP5692-USD,0.1995402545067298,38.693946838378906,7.721
sell,LPT-USD,1.161132709921959,6.64954137802124,7.721000000000001
sell,LDO-USD,5.544614963298032,1.1129717826843262,6.171
sell,SOL-USD,0.3583497190550451,13.952850341796875,5.0
sell,RNDR-USD,24.856303006674782,0.49649378657341003,12.341
sell,SUSHI-USD,4.532629922461336,1.1031123399734497,5.0
sell,SNX-USD,4.184515561254782,1.8451359272003174,7.720999999999999
sell,AVAX-USD,0.7979498569059271,13.535938262939453,10.801
sell,AAVE-USD,0.17658895054142637,61.164642333984375,10.801
sell,INJ-USD,3.1031549636855824,1.611263394355774,5.0
buy,USDT-USD,154.24287444008777,1.000104546546936,154.259
sell,USDT-USD,23.36836191764641,1.0001128911972046,23.371000000000002
buy,BNB-USD,0.018851258347958286,265.2342834472656,5.000000000000001
sell,BTC-USD,0.0004414170113288977,17378.125,7.671
sell,BNB-USD,0.05015671503921549,260.00506591796875,13.040999999999999
sell,ETH-USD,0.004213860606314255,1274.6031494140625,5.3709999999999996
sell,XRP-USD,13.313822199395748,0.3755495548248291,5.0
sell,LINK-USD,0.8280140776611958,6.486604690551758,5.371
sell,COMP5692-USD,0.12531762758142773,39.898616790771484,5.0
sell,LPT-USD,0.7654261238484311,6.532309055328369,5.0
sell,LDO-USD,4.3837870582928256,1.140566349029541,5.0
sell,RNDR-USD,12.361345302319934,0.4967905879020691,6.141
sell,SNX-USD,2.7494138745269994,1.8185694217681885,5.0
sell,AVAX-USD,0.40644331398820877,13.214634895324707,5.371
sell,AAVE-USD,0.08823508291892515,60.87147903442383,5.371
buy,USDT-USD,73.32337090744204,1.0000767707824707,73.329
sell,BTC-USD,0.000665008119046494,17279.48828125,11.490999999999998
sell,BNB-USD,0.07532239669518755,259.2987060546875,19.531000000000002
sell,ETH-USD,0.00662236187509959,1214.2193603515625,8.040999999999999
sell,XRP-USD,15.276344988212127,0.3764643967151642,5.751
sell,LINK-USD,1.253905944260401,6.412761688232422,8.040999999999999
sell,COMP5692-USD,0.1493120462906024,38.51665115356445,5.751
sell,LPT-USD,0.9033105213879683,6.366581439971924,5.751
sell,LDO-USD,4.412829060192349,1.1330599784851074,5.0
sell,SOL-USD,0.3630031565311253,13.773984909057617,5.0
sell,RNDR-USD,18.430241857957373,0.49869123101234436,9.190999999999999
sell,SUSHI-USD,4.476636033710447,1.1169100999832153,5.0
sell,SNX-USD,3.211890729009662,1.7905341386795044,5.751
sell,AVAX-USD,0.6184460903871954,13.001941680908203,8.040999999999999
sell,AAVE-USD,0.1338605222700698,60.06998825073242,8.040999999999999
sell,INJ-USD,3.228125168600361,1.5488866567611694,5.0
buy,USDT-USD,115.37248085452019,1.000056505203247,115.37899999999999
sell,BTC-USD,0.0011072389660913885,17052.326171875,18.881
sell,BNB-USD,0.12703328294160754,252.61883544921875,32.091
sell,ETH-USD,0.010911826698943033,1210.7047119140625,13.211
sell,XRP-USD,25.859061730273535,0.36509445309638977,9.440999999999999
sell,DOGE-USD,60.60517153016877,0.08250121027231216,5.0
sell,LINK-USD,2.114766463104007,6.247025489807129,13.210999999999999
sell,COMP5692-USD,0.2508216386510549,37.64029312133789,9.440999999999999
sell,LPT-USD,1.5156606922251932,6.22896671295166,9.440999999999999
sell,LDO-USD,6.952326110898059,1.086111307144165,7.551
sell,SOL-USD,0.42123310834885974,13.462854385375977,5.671
sell,RNDR-USD,30.70899854426254,0.49174511432647705,15.100999999999999
sell,SUSHI-USD,5.266100265996103,1.0768879652023315,5.671
sell,SNX-USD,5.474707340568207,1.7244757413864136,9.440999999999999
sell,AVAX-USD,1.0383621508213434,12.722921371459961,13.211000000000002
sell,AAVE-USD,0.22615221186049367,58.41640853881836,13.211
sell,INJ-USD,3.7219296915922224,1.5236719846725464,5.671
buy,USDT-USD,186.22647924157474,1.0000672340393066,186.239
sell,BTC-USD,0.0003147276790965769,17002.0,5.351
sell,BNB-USD,0.0364755150738964,249.5098419189453,9.100999999999999
sell,ETH-USD,0.00411945121185887,1213.75390625,5.0
sell,XRP-USD,13.744894374505167,0.3637714385986328,5.0
sell,LINK-USD,0.8021757008487834,6.233048439025879,5.0
sell,COMP5692-USD,0.1335165273968026,37.44854736328125,5.0
sell,LPT-USD,0.808564970214425,6.183794975280762,5.0
sell,RNDR-USD,10.184616794840315,0.4909364879131317,5.0
sell,SNX-USD,2.9560769654777928,1.691430926322937,5.0
sell,AVAX-USD,0.3947433409347447,12.666458129882812,5.0
sell,AAVE-USD,0.08613104927991612,58.05107498168945,5.0
buy,USDT-USD,59.44494658500593,1.000068187713623,59.449000000000005
sell,BTC-USD,0.00032386376507127215,16985.537109375,5.501
sell,BNB-USD,0.03775918384624214,247.6483612060547,9.350999999999999
sell,ETH-USD,0.0041976851447140685,1191.1326904296875,5.000000000000001
sell,XRP-USD,13.784812941995499,0.36271801590919495,5.0
sell,LINK-USD,0.8103398829964839,6.170250415802002,5.0
sell,COMP5692-USD,0.13541242874348647,36.924232482910156,5.0
sell,LPT-USD,0.818755505311999,6.1068291664123535,5.0
sell,RNDR-USD,10.40558690395259,0.4805110991001129,5.0
sell,SNX-USD,2.9709194697640187,1.6829806566238403,5.0
sell,AVAX-USD,0.3987671174113481,12.538646697998047,5.0
sell,AAVE-USD,0.08661197646875667,57.728736877441406,5.0
buy,USDT-USD,59.8433570976896,1.0000942945480347,59.849000000000004
sell,BTC-USD,0.0005988666779676317,16833.462890625,10.081
sell,BNB-USD,0.07084626480174419,241.80526733398438,17.131
sell,ETH-USD,0.005912783252850429,1194.1922607421875,7.061
sell,XRP-USD,14.074221430576115,0.35817256569862366,5.041
sell,LINK-USD,1.15909426773968,6.091825485229492,7.060999999999999
sell,COMP5692-USD,0.1386925663701768,36.34657669067383,5.041
sell,LPT-USD,0.8342752485465921,6.042370319366455,5.041
sell,LDO-USD,4.752108382818601,1.0521645545959473,5.0
sell,SOL-USD,0.3899853225891393,12.820995330810547,5.0
sell,RNDR-USD,16.939113664454062,0.47588086128234863,8.061
sell,SUSHI-USD,4.710186730656478,1.0615290403366089,5.0
sell,SNX-USD,3.0368414794591696,1.6599483489990234,5.041
sell,AVAX-USD,0.5685719087664185,12.41883373260498,7.060999999999999
sell,AAVE-USD,0.12441073124253266,56.75555419921875,7.061
sell,INJ-USD,3.4602431696500093,1.4449851512908936,5.0
buy,USDT-USD,103.67141182245506,1.0000731945037842,103.679
buy,USDT-USD,5.0683921753730266,1.000119924545288,5.069
buy,USDT-USD,47.745340244558186,1.0000766515731812,47.749
sell,BTC-USD,0.0012467742219369811,16756.041015625,20.891000000000002
sell,BNB-USD,0.15337227021448796,231.53468322753906,35.510999999999996
sell,ETH-USD,0.012529259537244751,1167.74658203125,14.631
sell,XRP-USD,29.598631912406024,0.35309064388275146,10.450999999999999
sell,DOGE-USD,64.79662870304615,0.07716450840234756,5.0
sell,LINK-USD,2.4662276644276715,5.932542324066162,14.631000000000002
sell,COMP5692-USD,0.30556839440871236,34.20183563232422,10.450999999999999
sell,LPT-USD,1.8519640769929369,5.643198013305664,10.450999999999999
sell,LDO-USD,8.215604717546368,1.0176974534988403,8.360999999999999
sell,SOL-USD,0.5026867388071967,12.474966049194336,6.271
sell,RNDR-USD,36.17522311464732,0.4619460105895996,16.711000000000002
sell,SUSHI-USD,6.274206060442697,0.9994890093803406,6.271
sell,SNX-USD,6.5829374273849695,1.587589144706726,10.450999999999999
sell,AVAX-USD,1.2181753881130175,12.01058578491211,14.631
sell,AAVE-USD,0.2638505981481204,55.45183563232422,14.631000000000002
sell,INJ-USD,4.415156151528642,1.420334815979004,6.271000000000001
buy,USDT-USD,205.58993259721274,1.0000927448272705,205.609
sell,BTC-USD,0.0004554752296079928,16644.154296875,7.581
sell,BNB-USD,0.055750294515064414,231.22747802734375,12.891
sell,ETH-USD,0.004522883657850755,1174.2508544921875,5.311
sell,XRP-USD,14.204962859034344,0.35198965668678284,5.0
sell,LINK-USD,0.9002943359812782,5.899181842803955,5.311
sell,COMP5692-USD,0.14682817556873345,34.053409576416016,5.0
sell,LPT-USD,0.8977920112662376,5.569218635559082,5.0
sell,LDO-USD,4.9490312684365785,1.010298728942871,5.0
sell,RNDR-USD,13.987296404145745,0.4340367019176483,6.071000000000001
sell,SNX-USD,3.223218524678274,1.5512444972991943,5.0
sell,AVAX-USD,0.4483773225056951,11.844934463500977,5.311
sell,AAVE-USD,0.09688441573778149,54.81789779663086,5.311
buy,USDT-USD,72.76874649210528,1.000140905380249,72.779
sell,USDT-USD,21.188496867132745,1.0001181364059448,21.191000000000003
buy,BNB-USD,0.02145664618764416,233.0280303955078,5.0
sell,BNB-USD,0.022006819373899006,227.20230102539062,5.0
buy,USDT-USD,4.999334304759691,1.0001331567764282,5.0
sell,USDT-USD,4.999321791148385,1.0001356601715088,5.0
sell,USDT-USD,51.229512669404606,1.000224232673645,51.241
buy,BTC-USD,0.0003055401868078089,16753.93359375,5.119
buy,BNB-USD,0.03695856389009116,235.64227294921875,8.709000000000001
buy,ETH-USD,0.004227943984696825,1182.60791015625,5.0
buy,XRP-USD,14.066143981064064,0.355463445186615,5.0
buy,LINK-USD,0.8325015537314803,6.00599479675293,5.0
buy,COMP5692-USD,0.14500977393224948,34.48043441772461,5.0
buy,LPT-USD,0.877179583081708,5.700087070465088,5.0
buy,RNDR-USD,11.088466675875543,0.450918972492218,5.0
buy,SNX-USD,3.1539079757258426,1.5853347778320312,5.0
buy,AVAX-USD,0.41923563989113216,11.926466941833496,5.0
buy,AAVE-USD,0.09058399071436692,55.197391510009766,5.0
sell,USDT-USD,4.999321195263695,1.0001357793807983,5.0
sell,USDT-USD,32.626674984147265,1.0001325607299805,32.631
buy,BTC-USD,0.0002976391864311876,16798.86328125,5.0
buy,BNB-USD,0.022818069403397503,242.7462158203125,5.539
buy,RNDR-USD,11.147427397308878,0.4485339820384979,5.0
buy,USDT-USD,35.264787701931326,1.0001194477081299,35.269000000000005
sell,USDT-USD,35.25720050081578,1.000107765197754,35.260999999999996
buy,BTC-USD,0.0002985181141024855,16749.40234375,5.000000000000001
buy,BNB-USD,0.024387828600575385,245.5733184814453,5.989
buy,RNDR-USD,11.128832638495037,0.4492834210395813,5.0
sell,USDT-USD,32.956827656868505,1.000126600265503,32.961
buy,BTC-USD,0.0002980301487764174,16776.826171875,5.0
buy,BNB-USD,0.022356989890930056,250.43621826171875,5.598999999999999
buy,RNDR-USD,11.105022560241009,0.4502467215061188,5.0
buy,USDT-USD,33.52530321199047,1.0001102685928345,33.529
sell,BTC-USD,0.0002991638370753743,16713.25,5.0
sell,BNB-USD,0.02032918161333224,245.9518585205078,5.0
buy,USDT-USD,9.997873711746026,1.0001126527786255,9.999
sell,USDT-USD,16.51852082613467,1.0001500844955444,16.521
buy,BNB-USD,0.020032148762179732,249.59878540039062,5.0
sell,USDT-USD,31.666753157460438,1.0001341104507446,31.671000000000003
buy,BTC-USD,0.0002978393384802143,16787.57421875,5.0
buy,BNB-USD,0.021406420138123508,251.27975463867188,5.379
buy,RNDR-USD,11.088666018332514,0.45091086626052856,5.0
buy,USDT-USD,37.60359834861635,1.0001436471939087,37.609
sell,BTC-USD,0.0003265408510688086,16693.1640625,5.4510000000000005
sell,BNB-USD,0.037469624656691417,247.1602020263672,9.261
sell,ETH-USD,0.004225781351717683,1183.213134765625,5.0
sell,XRP-USD,14.640724373608116,0.34151315689086914,5.0
sell,LINK-USD,0.8483895723204746,5.893518924713135,5.0
sell,COMP5692-USD,0.14879074598570804,33.60424041748047,5.0
sell,LPT-USD,0.8927540022449625,5.60064697265625,5.0
sell,RNDR-USD,11.213796086791806,0.44587934017181396,5.0
sell,SNX-USD,3.1374475699372324,1.5936521291732788,5.0
sell,AVAX-USD,0.42325185636070956,11.813297271728516,5.0
sell,AAVE-USD,0.09071811494135769,55.11578369140625,5.0
buy,USDT-USD,59.69962012442065,1.000157117843628,59.709
sell,USDT-USD,41.63497954580914,1.000144600868225,41.641
buy,BTC-USD,0.0002983013022599703,16761.576171875,5.0
buy,BNB-USD,0.028563653635183373,247.4823455810547,7.069
buy,ETH-USD,0.004218249945315168,1185.32568359375,5.0
buy,LINK-USD,0.8375676625344598,5.969666957855225,5.0
buy,RNDR-USD,11.097332613143777,0.45055872201919556,5.0
buy,AVAX-USD,0.4190557976413724,11.931585311889648,5.0
buy,AAVE-USD,0.09027171322862976,55.388336181640625,5.0
sell,BTC-USD,0.0004553796842764116,16647.646484375,7.581
sell,BNB-USD,0.05242515657168209,245.70265197753906,12.881
sell,ETH-USD,0.0045239836774486845,1173.96533203125,5.311
sell,XRP-USD,14.759626690149922,0.33876195549964905,5.0
sell,LINK-USD,0.8915048763540392,5.957342624664307,5.311
sell,COMP5692-USD,0.14943175301623624,33.46009063720703,5.0
sell,LPT-USD,0.8997079014197538,5.557359218597412,5.0
sell,LDO-USD,5.121345353418037,0.9763059616088867,5.0
sell,RNDR-USD,13.919947807069125,0.4361366927623749,6.071000000000001
sell,SNX-USD,3.1215922390070276,1.601746678352356,5.0
sell,AVAX-USD,0.448817636889494,11.833313941955566,5.311
sell,AAVE-USD,0.09641060758039459,55.08729934692383,5.311
buy,USDT-USD,72.76192210001544,1.0000972747802734,72.76899999999999
sell,BTC-USD,0.0003010957060929539,16606.015625,5.0
sell,BNB-USD,0.024757057792748262,243.6072998046875,6.031000000000001
sell,RNDR-USD,11.497976452101987,0.43485912680625916,5.0
buy,USDT-USD,16.02770457843492,1.0000808238983154,16.029
sell,BTC-USD,0.00038724681820666155,16581.15625,6.421
sell,BNB-USD,0.04519878981629298,241.4002685546875,10.911
sell,ETH-USD,0.004265323978222688,1172.243896484375,5.0
sell,XRP-USD,14.928631878843392,0.33492687344551086,5.0
sell,LINK-USD,0.8505402140902357,5.878616809844971,5.0
sell,COMP5692-USD,0.1533566003114354,32.6037483215332,5.0
sell,LPT-USD,0.9300293445786146,5.376174449920654,5.0
sell,LDO-USD,5.149760422735956,0.9709189534187317,5.0
sell,RNDR-USD,11.931669095630859,0.4308701455593109,5.141
sell,SNX-USD,3.2132324713980602,1.5560654401779175,5.0
sell,AVAX-USD,0.42935126511659366,11.645476341247559,5.0
sell,AAVE-USD,0.09233508607876971,54.150596618652344,5.0
buy,USDT-USD,67.4623732753302,1.0000982284545898,67.469
sell,USDT-USD,25.818719327089624,1.0000883340835571,25.821
buy,BTC-USD,0.00030081340650149423,16621.599609375,5.0
buy,BNB-USD,0.02053849234253577,243.44532775878906,5.0
sell,BTC-USD,0.00044936666357083156,16403.0859375,7.371
sell,BNB-USD,0.05223271436051647,239.71566772460938,12.520999999999999
sell,ETH-USD,0.004420425022047803,1167.5347900390625,5.1610000000000005
sell,XRP-USD,14.81150817385734,0.33757534623146057,5.0
sell,LINK-USD,0.8953840475996069,5.764007091522217,5.1610000000000005
sell,COMP5692-USD,0.15922377438164154,31.402345657348633,5.0
sell,LPT-USD,0.9234422763593279,5.414523601531982,5.0
sell,LDO-USD,5.216847279967054,0.9584332704544067,5.0
sell,RNDR-USD,13.959990013342098,0.4219917058944702,5.891
sell,SNX-USD,3.2670359016860155,1.5304392576217651,5.0
sell,AVAX-USD,0.4563327500687025,11.30972957611084,5.1610000000000005
sell,AAVE-USD,0.09642429148458716,53.52385711669922,5.1610000000000005
buy,USDT-USD,71.41406233261192,1.0000691413879395,71.419
sell,USDT-USD,21.708590697057375,1.0001109838485718,21.711000000000002
buy,BNB-USD,0.020583563627446042,242.91226196289062,5.0
sell,USDT-USD,53.20578002107652,1.0000981092453003,53.211
buy,BTC-USD,0.0003208600227932809,16577.322265625,5.319
buy,BNB-USD,0.036817311634745956,245.50950622558594,9.039
buy,ETH-USD,0.004193561102263612,1192.3040771484375,5.0
buy,XRP-USD,14.684172264295244,0.34050267934799194,5.0
buy,LINK-USD,0.8518302217855651,5.869714260101318,5.0
buy,COMP5692-USD,0.15547189989408808,32.160152435302734,5.0
buy,LPT-USD,0.9116890761307364,5.484325885772705,5.0
buy,RNDR-USD,11.668778709054777,0.428493857383728,5.0
buy,SNX-USD,3.182891279434109,1.5708987712860107,5.0
buy,AVAX-USD,0.43110928858267705,11.597987174987793,5.0
buy,AAVE-USD,0.09120472668050686,54.821720123291016,5.0
sell,USDT-USD,59.135571877676746,1.000091791152954,59.141
buy,BTC-USD,0.00035312253029937135,16733.568359375,5.909
buy,BNB-USD,0.04066706429832329,247.10414123535156,10.049000000000001
buy,ETH-USD,0.004192500889217565,1192.6055908203125,5.0
buy,XRP-USD,14.760623980034834,0.3387390673160553,5.0
buy,LINK-USD,0.8327310996844667,6.004339218139648,5.0
buy,COMP5692-USD,0.1535532382404171,32.56199645996094,5.0
buy,LPT-USD,0.892149534014341,5.6044416427612305,5.0
buy,RNDR-USD,11.42429200705482,0.43766388297080994,5.0
buy,SNX-USD,3.108723696074242,1.6083770990371704,5.0
buy,AVAX-USD,0.4266449316628238,11.71934700012207,5.0
buy,AAVE-USD,0.0905222502326387,55.23503875732422,5.0
sell,USDT-USD,50.715643442620014,1.000105619430542,50.721
buy,BTC-USD,0.0003015502020537679,16809.8046875,5.069
buy,BNB-USD,0.034521169973259686,249.67288208007812,8.619
buy,ETH-USD,0.004137553449291232,1208.443603515625,5.000000000000001
buy,XRP-USD,14.5527521582936,0.34357762336730957,5.0
buy,LINK-USD,0.8279621030087075,6.038923740386963,5.0
buy,COMP5692-USD,0.1516819169839147,32.96371841430664,5.0
buy,LPT-USD,0.8822658816121183,5.6672258377075195,5.0
buy,RNDR-USD,11.462516100914483,0.4362044036388397,5.0
buy,SNX-USD,3.0769251084200033,1.624998927116394,5.0
buy,AVAX-USD,0.4170570451321257,11.988767623901367,5.0
buy,AAVE-USD,0.09000321086894243,55.55357360839844,5.0
sell,BNB-USD,0.020026477878650348,249.66946411132812,5.0
buy,USDT-USD,4.999635246184985,1.000072956085205,5.0
sell,BTC-USD,0.0002973228516188242,16816.736328125,5.0
sell,BNB-USD,0.03225727394007563,248.03707885742188,8.001
sell,LINK-USD,0.8419107395214199,5.93887186050415,5.0
sell,RNDR-USD,11.697325065294176,0.4274481534957886,5.0
sell,AVAX-USD,0.4252576546102051,11.757577896118164,5.0
sell,AAVE-USD,0.09064758331434929,55.158668518066406,5.0
buy,USDT-USD,32.996069588679845,1.0000888109207153,32.999
buy,USDT-USD,4.999334304759691,1.0001331567764282,5.0
sell,BNB-USD,0.020160573355680923,248.00881958007812,5.0
buy,USDT-USD,4.999642993670319,1.000071406364441,5.0
sell,BTC-USD,0.0002981078535582433,16772.453125,5.0
sell,BNB-USD,0.030047814137575485,246.30743408203125,7.401000000000001
sell,ETH-USD,0.004132581195484307,1209.8975830078125,5.0
sell,LINK-USD,0.8453773064288763,5.9145188331604,5.0
sell,RNDR-USD,12.077825780344059,0.4139817953109741,5.0
sell,AVAX-USD,0.426213086870361,11.731221199035645,5.0
sell,AAVE-USD,0.0898429338894412,55.652679443359375,5.0
buy,USDT-USD,37.396708569979076,1.000061273574829,37.399
sell,USDT-USD,7.680498258466049,1.0000653266906738,7.681
sell,USDT-USD,7.660419209168312,1.0000758171081543,7.6610000000000005
sell,BTC-USD,0.00035720520521645215,16687.88671875,5.961
sell,BNB-USD,0.042012353790165526,241.1433563232422,10.131
sell,ETH-USD,0.004207627948716658,1188.3179931640625,5.0
sell,XRP-USD,14.55601473125728,0.34350061416625977,5.0
sell,LINK-USD,0.8443718461655534,5.9215617179870605,5.0
sell,COMP5692-USD,0.15199393471469017,32.89604949951172,5.0
sell,LPT-USD,0.8983104848323322,5.566004276275635,5.0
sell,RNDR-USD,11.749009046837585,0.4255678057670593,5.0
sell,SNX-USD,3.2483372065565805,1.539249062538147,5.0
sell,AVAX-USD,0.43265089612691426,11.556661605834961,5.0
sell,AAVE-USD,0.09202489092440039,54.333126068115234,5.0
buy,USDT-USD,61.08819166692793,1.0000132322311401,61.089000000000006
sell,BNB-USD,0.02121484251981943,241.38760375976562,5.121
buy,USDT-USD,5.1190289862009095,0.9999943375587463,5.119
buy,USDT-USD,17.54888494054416,1.0000065565109253,17.549
sell,USDT-USD,50.43053709228562,1.0000091791152954,50.431
buy,BTC-USD,0.00030014094002283654,16788.779296875,5.039
buy,BNB-USD,0.03497359775970876,245.01339721679688,8.569
buy,ETH-USD,0.004110665621738677,1216.3480224609375,5.0
buy,XRP-USD,14.375759715316152,0.34780770540237427,5.0
buy,LINK-USD,0.8378629387544609,5.967563152313232,5.0
buy,COMP5692-USD,0.1515208615159531,32.998756408691406,5.0
buy,LPT-USD,0.8921675999784908,5.604328155517578,5.0
buy,RNDR-USD,11.79626702208525,0.42386290431022644,5.0
buy,SNX-USD,3.195781204057784,1.5645626783370972,5.0
buy,AVAX-USD,0.4255091211830317,11.750629425048828,5.0
buy,AAVE-USD,0.09094325947408302,54.97933578491211,5.0
sell,USDT-USD,27.570802798251165,1.000007152557373,27.571
buy,BTC-USD,0.0002971045996202168,16829.08984375,5.0
buy,BNB-USD,0.020333710391445645,245.89707946777344,5.0
sell,BTC-USD,0.0002973097301925812,16817.478515625,5.0
sell,BNB-USD,0.0299421562723156,244.17079162597656,7.311
sell,ETH-USD,0.004130413365033449,1210.5325927734375,5.0
sell,LINK-USD,0.8417541446864478,5.939976692199707,5.0
sell,RNDR-USD,11.77664518534658,0.42456912994384766,5.0
sell,AVAX-USD,0.43073873918579064,11.607964515686035,5.0
sell,AAVE-USD,0.09116142698736286,54.84775924682617,5.0
buy,USDT-USD,37.311281747762756,0.9999388456344604,37.309000000000005
sell,BTC-USD,0.0002974064415679407,16812.009765625,5.0
sell,BNB-USD,0.02631463194309453,242.86868286132812,6.391
sell,ETH-USD,0.004130395871620923,1210.5377197265625,5.0
sell,LINK-USD,0.8439694483471792,5.924385070800781,5.0
sell,RNDR-USD,11.97168903608058,0.4176520109176636,5.0
sell,AVAX-USD,0.43216071372196485,11.569769859313965,5.0
sell,AAVE-USD,0.09187167796464757,54.423736572265625,5.0
buy,USDT-USD,36.39147928266645,0.9999318718910217,36.389
sell,USDT-USD,15.80233654567947,0.9999154210090637,15.801
buy,BNB-USD,0.02048657491013522,244.06227111816406,5.0
sell,USDT-USD,45.473412279661225,0.9999469518661499,45.471
buy,BTC-USD,0.000295506125230186,16920.123046875,5.0
buy,BNB-USD,0.03164828973325108,244.2154083251953,7.728999999999999
buy,ETH-USD,0.004083790283809467,1224.352783203125,5.0
buy,LINK-USD,0.8280633180481107,6.0381855964660645,5.0
buy,RNDR-USD,11.94904021106162,0.4184436500072479,5.0
buy,AVAX-USD,0.426414073239005,11.725691795349121,5.0
buy,AAVE-USD,0.08937059162606174,55.946815490722656,5.0
buy,USDT-USD,38.613324581437624,0.999888002872467,38.609
sell,BTC-USD,0.00029942739189852405,16698.5390625,5.0
sell,BNB-USD,0.02050802038719008,246.29388427734375,5.051
buy,USDT-USD,10.050452705133555,0.9998554587364197,10.049000000000001
sell,BTC-USD,0.0003109533710376237,16661.662109375,5.181
sell,BNB-USD,0.03598430952213289,244.85671997070312,8.811
sell,ETH-USD,0.004171548835179519,1198.5955810546875,5.0
sell,XRP-USD,13.904053239978946,0.35960736870765686,5.0
sell,LINK-USD,0.8627553264183521,5.795385837554932,5.0
sell,COMP5692-USD,0.1535426254392597,32.564247131347656,5.0
sell,RNDR-USD,12.129381390716128,0.4122221767902374,5.0
sell,SNX-USD,3.3766776399394174,1.4807454347610474,5.0
sell,AVAX-USD,0.4370155563761304,11.441240310668945,5.0
sell,AAVE-USD,0.0885152909233131,56.4874153137207,5.0
buy,USDT-USD,53.99705906271297,0.9998507499694824,53.989000000000004
sell,BTC-USD,0.0003641579504455132,16616.416015625,6.051
sell,BNB-USD,0.0423780147628822,242.8381805419922,10.290999999999999
sell,ETH-USD,0.004187603405740227,1194.0003662109375,5.0
sell,XRP-USD,14.033572571004889,0.35628846287727356,5.0
sell,LINK-USD,0.8725946095286916,5.730037689208984,5.0
sell,COMP5692-USD,0.15590240446677897,32.071346282958984,5.0
sell,LPT-USD,1.0384172677117032,4.8150200843811035,5.0
sell,RNDR-USD,12.269760114907307,0.40750592947006226,5.0
sell,SNX-USD,3.4227266121044924,1.460823655128479,5.0
sell,AVAX-USD,0.44594071957239745,11.212252616882324,5.0
sell,AAVE-USD,0.08929095128666045,55.9967155456543,5.0
buy,USDT-USD,61.34678480201027,0.9998731017112732,61.339000000000006
sell,USDT-USD,34.05657215753629,0.9998363852500916,34.050999999999995
buy,BTC-USD,0.0003001775151328749,16656.810546875,5.0
buy,BNB-USD,0.023756554068896492,243.25918579101562,5.779
buy,RNDR-USD,11.511163667812829,0.43436095118522644,5.0
sell,USDT-USD,40.276936912595325,0.9998525977134705,40.271
buy,BTC-USD,0.00029878234523132875,16734.58984375,5.0
buy,BNB-USD,0.027982429658981373,244.4033660888672,6.8389999999999995
buy,ETH-USD,0.004192506038754273,1192.6041259765625,5.0
buy,LINK-USD,0.8646153392010775,5.782918453216553,5.0
buy,RNDR-USD,11.218412054452163,0.4456958770751953,5.0
buy,AVAX-USD,0.4371354342105702,11.438102722167969,5.0
buy,AAVE-USD,0.09085513710133905,55.03266143798828,5.0
sell,BTC-USD,0.00030094552145453553,16614.302734375,5.0
sell,BNB-USD,0.02059644716314865,242.76031494140625,5.0
buy,USDT-USD,10.000860421024205,0.999813973903656,9.999
sell,BTC-USD,0.0004203990357633881,16534.291015625,6.9510000000000005
sell,BNB-USD,0.04865248781742612,242.96804809570312,11.821
sell,ETH-USD,0.0042131456728031575,1186.76171875,5.0
sell,XRP-USD,13.913878867796216,0.3593534231185913,5.0
sell,LINK-USD,0.882099556037864,5.668294429779053,5.0
sell,COMP5692-USD,0.15593211708851687,32.06523513793945,5.0
sell,LPT-USD,1.0745049872990111,4.653305530548096,5.0
sell,LDO-USD,5.314753403305425,0.9407774209976196,5.0
sell,RNDR-USD,13.019378711235248,0.4271325170993805,5.561
sell,SNX-USD,3.4359958623581166,1.4551821947097778,5.0
sell,AVAX-USD,0.4478300246709339,11.164950370788574,5.0
sell,AAVE-USD,0.09325120446745211,53.61861038208008,5.0
buy,USDT-USD,69.34857210832433,0.9997177720069885,69.329
buy,USDT-USD,22.994727706377798,0.9997509121894836,22.988999999999997
sell,BTC-USD,0.0003010042961308485,16611.05859375,5.0
sell,BNB-USD,0.02504167413491622,246.02987670898438,6.1610000000000005
sell,ETH-USD,0.004177963709856332,1196.7552490234375,5.0
sell,LINK-USD,0.888290920833813,5.628786563873291,5.0
sell,RNDR-USD,11.98201656520852,0.4172920286655426,5.0
sell,AVAX-USD,0.4535643464483879,11.023794174194336,5.0
sell,AAVE-USD,0.09189970485549348,54.40713882446289,5.0
buy,USDT-USD,36.169425766885794,0.9997117519378662,36.159
sell,BTC-USD,0.0003011660892159835,16602.134765625,5.0
sell,BNB-USD,0.0203531704901637,245.66197204589844,5.0
buy,USDT-USD,10.001569363353017,0.9997431039810181,9.999
sell,USDT-USD,10.364058460559738,0.999704897403717,10.360999999999999
sell,BNB-USD,0.02041573000595812,244.90919494628906,5.0
buy,USDT-USD,5.001486087330898,0.9997028708457947,5.0
sell,BTC-USD,0.00030321974358506654,16489.69140625,5.0
sell,BNB-USD,0.032574126242831486,243.47544860839844,7.931
sell,ETH-USD,0.004197532863167295,1191.1759033203125,5.0
sell,LINK-USD,0.9164008481140509,5.456127643585205,5.0
sell,RNDR-USD,12.419205142611382,0.40260225534439087,5.0
sell,AVAX-USD,0.46409715192912776,10.773606300354004,5.0
sell,AAVE-USD,0.09315005408263485,53.67683410644531,5.0
buy,USDT-USD,37.941107890346345,0.9996808767318726,37.929
sell,USDT-USD,5.001530519586059,0.9996939897537231,5.0
sell,USDT-USD,25.558230005240734,0.999717116355896,25.551000000000002
buy,BTC-USD,0.00030182258396916506,16566.0234375,5.0
buy,BNB-USD,0.020322854795472436,246.02842712402344,5.0
sell,USDT-USD,33.43056256805444,0.9997139573097229,33.421
buy,BTC-USD,0.0003012630571351272,16596.791015625,5.0
buy,BNB-USD,0.023000011679871406,246.9129180908203,5.678999999999999
buy,RNDR-USD,12.210001461367781,0.4095003604888916,5.0
